Model,Accuracy,Precision,Recall,F1 Score,ROC AUC
Logistic Regression,0.745,0.6504854368932039,0.8170731707317073,0.7243243243243244,0.836606035551881
Random Forest,0.675,0.5858585858585859,0.7073170731707317,0.6408839779005525,0.7753203803224472
Decision Tree,0.645,0.5555555555555556,0.6707317073170732,0.6077348066298343,0.648925175692435
